/american_football/football_team/current_roster./sports/sports_team_roster/position	None
/american_football/football_team/current_roster./sports/sports_team_roster/position_reverse	None
/award/award_category/category_of	None
/award/award_category/category_of_reverse	None
/award/award_category/disciplines_or_subjects	None
/award/award_category/disciplines_or_subjects_reverse	None
/award/award_category/nominees./award/award_nomination/nominated_for	None
/award/award_category/nominees./award/award_nomination/nominated_for_reverse	None
/award/award_category/winners./award/award_honor/award_winner	None
/award/award_category/winners./award/award_honor/award_winner_reverse	None
/award/award_category/winners./award/award_honor/ceremony	None
/award/award_category/winners./award/award_honor/ceremony_reverse	None
/award/award_ceremony/awards_presented./award/award_honor/award_winner	None
/award/award_ceremony/awards_presented./award/award_honor/award_winner_reverse	None
/award/award_ceremony/awards_presented./award/award_honor/honored_for	None
/award/award_ceremony/awards_presented./award/award_honor/honored_for_reverse	None
/award/award_nominated_work/award_nominations./award/award_nomination/nominated_for	None
/award/award_nominated_work/award_nominations./award/award_nomination/nominated_for_reverse	None
/award/award_nominee/award_nominations./award/award_nomination/award	None
/award/award_nominee/award_nominations./award/award_nomination/award_nominee	None
/award/award_nominee/award_nominations./award/award_nomination/award_nominee_reverse	None
/award/award_nominee/award_nominations./award/award_nomination/award_reverse	None
/award/award_nominee/award_nominations./award/award_nomination/nominated_for	None
/award/award_nominee/award_nominations./award/award_nomination/nominated_for_reverse	None
/award/award_winner/awards_won./award/award_honor/award_winner	None
/award/award_winner/awards_won./award/award_honor/award_winner_reverse	None
/award/award_winning_work/awards_won./award/award_honor/award	None
/award/award_winning_work/awards_won./award/award_honor/award_reverse	None
/award/award_winning_work/awards_won./award/award_honor/award_winner	None
/award/award_winning_work/awards_won./award/award_honor/award_winner_reverse	None
/award/award_winning_work/awards_won./award/award_honor/honored_for	None
/award/award_winning_work/awards_won./award/award_honor/honored_for_reverse	None
/award/hall_of_fame/inductees./award/hall_of_fame_induction/inductee	None
/award/hall_of_fame/inductees./award/hall_of_fame_induction/inductee_reverse	None
/award/ranked_item/appears_in_ranked_lists./award/ranking/list	None
/award/ranked_item/appears_in_ranked_lists./award/ranking/list_reverse	None
/base/aareas/schema/administrative_area/administrative_area_type	None
/base/aareas/schema/administrative_area/administrative_area_type_reverse	None
/base/aareas/schema/administrative_area/administrative_parent	None
/base/aareas/schema/administrative_area/administrative_parent_reverse	None
/base/aareas/schema/administrative_area/capital	None
/base/aareas/schema/administrative_area/capital_reverse	None
/base/americancomedy/celebrity_impressionist/celebrities_impersonated	None
/base/americancomedy/celebrity_impressionist/celebrities_impersonated_reverse	None
/base/biblioness/bibs_location/country	None
/base/biblioness/bibs_location/country_reverse	None
/base/biblioness/bibs_location/state	None
/base/biblioness/bibs_location/state_reverse	None
/base/culturalevent/event/entity_involved	None
/base/culturalevent/event/entity_involved_reverse	None
/base/eating/practicer_of_diet/diet	None
/base/eating/practicer_of_diet/diet_reverse	None
/base/localfood/seasonal_month/produce_available./base/localfood/produce_availability/seasonal_months	None
/base/localfood/seasonal_month/produce_available./base/localfood/produce_availability/seasonal_months_reverse	None
/base/locations/continents/countries_within	None
/base/locations/continents/countries_within_reverse	None
/base/marchmadness/ncaa_basketball_tournament/seeds./base/marchmadness/ncaa_tournament_seed/team	None
/base/marchmadness/ncaa_basketball_tournament/seeds./base/marchmadness/ncaa_tournament_seed/team_reverse	None
/base/petbreeds/city_with_dogs/top_breeds./base/petbreeds/dog_city_relationship/dog_breed	None
/base/petbreeds/city_with_dogs/top_breeds./base/petbreeds/dog_city_relationship/dog_breed_reverse	None
/base/popstra/celebrity/breakup./base/popstra/breakup/participant	None
/base/popstra/celebrity/breakup./base/popstra/breakup/participant_reverse	None
/base/popstra/celebrity/canoodled./base/popstra/canoodled/participant	None
/base/popstra/celebrity/canoodled./base/popstra/canoodled/participant_reverse	None
/base/popstra/celebrity/dated./base/popstra/dated/participant	None
/base/popstra/celebrity/dated./base/popstra/dated/participant_reverse	None
/base/popstra/celebrity/friendship./base/popstra/friendship/participant	None
/base/popstra/celebrity/friendship./base/popstra/friendship/participant_reverse	None
/base/popstra/location/vacationers./base/popstra/vacation_choice/vacationer	None
/base/popstra/location/vacationers./base/popstra/vacation_choice/vacationer_reverse	None
/base/saturdaynightlive/snl_cast_member/seasons./base/saturdaynightlive/snl_season_tenure/cast_members	None
/base/saturdaynightlive/snl_cast_member/seasons./base/saturdaynightlive/snl_season_tenure/cast_members_reverse	None
/base/schemastaging/organization_extra/phone_number./base/schemastaging/phone_sandbox/contact_category	None
/base/schemastaging/organization_extra/phone_number./base/schemastaging/phone_sandbox/contact_category_reverse	None
/base/schemastaging/organization_extra/phone_number./base/schemastaging/phone_sandbox/service_language	None
/base/schemastaging/organization_extra/phone_number./base/schemastaging/phone_sandbox/service_language_reverse	None
/base/schemastaging/organization_extra/phone_number./base/schemastaging/phone_sandbox/service_location	None
/base/schemastaging/organization_extra/phone_number./base/schemastaging/phone_sandbox/service_location_reverse	None
/base/schemastaging/person_extra/net_worth./measurement_unit/dated_money_value/currency	None
/base/schemastaging/person_extra/net_worth./measurement_unit/dated_money_value/currency_reverse	None
/base/x2010fifaworldcupsouthafrica/world_cup_squad/current_world_cup_squad./base/x2010fifaworldcupsouthafrica/current_world_cup_squad/current_club	None
/base/x2010fifaworldcupsouthafrica/world_cup_squad/current_world_cup_squad./base/x2010fifaworldcupsouthafrica/current_world_cup_squad/current_club_reverse	None
/baseball/baseball_team/team_stats./baseball/baseball_team_stats/season	None
/baseball/baseball_team/team_stats./baseball/baseball_team_stats/season_reverse	None
/broadcast/content/artist	None
/broadcast/content/artist_reverse	None
/business/business_operation/assets./measurement_unit/dated_money_value/currency	None
/business/business_operation/assets./measurement_unit/dated_money_value/currency_reverse	None
/business/business_operation/industry	None
/business/business_operation/industry_reverse	None
/business/business_operation/operating_income./measurement_unit/dated_money_value/currency	None
/business/business_operation/operating_income./measurement_unit/dated_money_value/currency_reverse	None
/business/business_operation/revenue./measurement_unit/dated_money_value/currency	None
/business/business_operation/revenue./measurement_unit/dated_money_value/currency_reverse	None
/business/job_title/people_with_this_title./business/employment_tenure/company	None
/business/job_title/people_with_this_title./business/employment_tenure/company_reverse	None
/celebrities/celebrity/celebrity_friends./celebrities/friendship/friend	None
/celebrities/celebrity/celebrity_friends./celebrities/friendship/friend_reverse	None
/celebrities/celebrity/sexual_relationships./celebrities/romantic_relationship/celebrity	None
/celebrities/celebrity/sexual_relationships./celebrities/romantic_relationship/celebrity_reverse	None
/common/topic/webpage./common/webpage/category	None
/common/topic/webpage./common/webpage/category_reverse	None
/dataworld/gardening_hint/split_to	None
/dataworld/gardening_hint/split_to_reverse	None
/education/educational_degree/people_with_this_degree./education/education/institution	None
/education/educational_degree/people_with_this_degree./education/education/institution_reverse	None
/education/educational_degree/people_with_this_degree./education/education/major_field_of_study	None
/education/educational_degree/people_with_this_degree./education/education/major_field_of_study_reverse	None
/education/educational_degree/people_with_this_degree./education/education/student	None
/education/educational_degree/people_with_this_degree./education/education/student_reverse	None
/education/educational_institution/campuses	None
/education/educational_institution/campuses_reverse	None
/education/educational_institution/colors	None
/education/educational_institution/colors_reverse	None
/education/educational_institution/school_type	None
/education/educational_institution/school_type_reverse	None
/education/educational_institution/students_graduates./education/education/major_field_of_study	None
/education/educational_institution/students_graduates./education/education/major_field_of_study_reverse	None
/education/educational_institution/students_graduates./education/education/student	None
/education/educational_institution/students_graduates./education/education/student_reverse	None
/education/educational_institution_campus/educational_institution	None
/education/educational_institution_campus/educational_institution_reverse	None
/education/field_of_study/students_majoring./education/education/major_field_of_study	None
/education/field_of_study/students_majoring./education/education/major_field_of_study_reverse	None
/education/field_of_study/students_majoring./education/education/student	None
/education/field_of_study/students_majoring./education/education/student_reverse	None
/education/university/domestic_tuition./measurement_unit/dated_money_value/currency	None
/education/university/domestic_tuition./measurement_unit/dated_money_value/currency_reverse	None
/education/university/fraternities_and_sororities	None
/education/university/fraternities_and_sororities_reverse	None
/education/university/international_tuition./measurement_unit/dated_money_value/currency	None
/education/university/international_tuition./measurement_unit/dated_money_value/currency_reverse	None
/education/university/local_tuition./measurement_unit/dated_money_value/currency	None
/education/university/local_tuition./measurement_unit/dated_money_value/currency_reverse	None
/film/actor/dubbing_performances./film/dubbing_performance/language	None
/film/actor/dubbing_performances./film/dubbing_performance/language_reverse	None
/film/actor/film./film/performance/film	None
/film/actor/film./film/performance/film_reverse	None
/film/actor/film./film/performance/special_performance_type	None
/film/actor/film./film/performance/special_performance_type_reverse	None
/film/director/film	None
/film/director/film_reverse	None
/film/film/cinematography	None
/film/film/cinematography_reverse	None
/film/film/costume_design_by	None
/film/film/costume_design_by_reverse	None
/film/film/country	None
/film/film/country_reverse	None
/film/film/distributors./film/film_film_distributor_relationship/film_distribution_medium	None
/film/film/distributors./film/film_film_distributor_relationship/film_distribution_medium_reverse	None
/film/film/distributors./film/film_film_distributor_relationship/region	None
/film/film/distributors./film/film_film_distributor_relationship/region_reverse	None
/film/film/dubbing_performances./film/dubbing_performance/actor	None
/film/film/dubbing_performances./film/dubbing_performance/actor_reverse	None
/film/film/edited_by	None
/film/film/edited_by_reverse	None
/film/film/estimated_budget./measurement_unit/dated_money_value/currency	None
/film/film/estimated_budget./measurement_unit/dated_money_value/currency_reverse	None
/film/film/executive_produced_by	None
/film/film/executive_produced_by_reverse	None
/film/film/featured_film_locations	None
/film/film/featured_film_locations_reverse	None
/film/film/film_art_direction_by	None
/film/film/film_art_direction_by_reverse	None
/film/film/film_festivals	None
/film/film/film_festivals_reverse	None
/film/film/film_format	None
/film/film/film_format_reverse	None
/film/film/film_production_design_by	None
/film/film/film_production_design_by_reverse	None
/film/film/genre	None
/film/film/genre_reverse	None
/film/film/language	None
/film/film/language_reverse	None
/film/film/music	None
/film/film/music_reverse	None
/film/film/other_crew./film/film_crew_gig/crewmember	None
/film/film/other_crew./film/film_crew_gig/crewmember_reverse	None
/film/film/other_crew./film/film_crew_gig/film_crew_role	None
/film/film/other_crew./film/film_crew_gig/film_crew_role_reverse	None
/film/film/personal_appearances./film/personal_film_appearance/person	None
/film/film/personal_appearances./film/personal_film_appearance/person_reverse	None
/film/film/prequel	None
/film/film/prequel_reverse	None
/film/film/produced_by	None
/film/film/produced_by_reverse	None
/film/film/production_companies	None
/film/film/production_companies_reverse	None
/film/film/release_date_s./film/film_regional_release_date/film_regional_debut_venue	None
/film/film/release_date_s./film/film_regional_release_date/film_regional_debut_venue_reverse	None
/film/film/release_date_s./film/film_regional_release_date/film_release_distribution_medium	None
/film/film/release_date_s./film/film_regional_release_date/film_release_distribution_medium_reverse	None
/film/film/release_date_s./film/film_regional_release_date/film_release_region	None
/film/film/release_date_s./film/film_regional_release_date/film_release_region_reverse	None
/film/film/runtime./film/film_cut/film_release_region	None
/film/film/runtime./film/film_cut/film_release_region_reverse	None
/film/film/story_by	None
/film/film/story_by_reverse	None
/film/film/written_by	None
/film/film/written_by_reverse	None
/film/film_distributor/films_distributed./film/film_film_distributor_relationship/film	None
/film/film_distributor/films_distributed./film/film_film_distributor_relationship/film_reverse	None
/film/film_set_designer/film_sets_designed	None
/film/film_set_designer/film_sets_designed_reverse	None
/film/film_subject/films	None
/film/film_subject/films_reverse	None
/film/person_or_entity_appearing_in_film/films./film/personal_film_appearance/type_of_appearance	None
/film/person_or_entity_appearing_in_film/films./film/personal_film_appearance/type_of_appearance_reverse	None
/film/special_film_performance_type/film_performance_type./film/performance/film	None
/film/special_film_performance_type/film_performance_type./film/performance/film_reverse	None
/food/food/nutrients./food/nutrition_fact/nutrient	None
/food/food/nutrients./food/nutrition_fact/nutrient_reverse	None
/government/government_office_category/officeholders./government/government_position_held/jurisdiction_of_office	None
